NM_MUN,SIGLA_UF
Afonso Cláudio,ES
Alegre,ES
Alfredo Chaves,ES
Anchieta,ES
Apiacá,ES
Atílio Vivácqua,ES
Bom Jesus do Norte,ES
Brejetuba,ES
Cachoeiro de Itapemirim,ES
Castelo,ES
Conceição do Castelo,ES
Divino de São Lourenço,ES
Domingos Martins,ES
Dores do Rio Preto,ES
Guarapari,ES
Guaçuí,ES
Ibatiba,ES
Ibitirama,ES
Iconha,ES
Irupi,ES
Itapemirim,ES
Iúna,ES
Jerônimo Monteiro,ES
Marataízes,ES
Marechal Floriano,ES
Mimoso do Sul,ES
Muniz Freire,ES
Muqui,ES
Piúma,ES
Presidente Kennedy,ES
Rio Novo do Sul,ES
São José do Calçado,ES
Vargem Alta,ES
Venda Nova do Imigrante,ES
Viana,ES
Vila Velha,ES
Abre Campo,MG
Aiuruoca,MG
Alagoa,MG
Alfredo Vasconcelos,MG
Alto Caparaó,MG
Alto Jequitibá,MG
Alto Rio Doce,MG
Além Paraíba,MG
Amparo do Serra,MG
Andrelândia,MG
Antônio Carlos,MG
Antônio Prado de Minas,MG
Aracitaba,MG
Arantina,MG
Araponga,MG
Argirita,MG
Astolfo Dutra,MG
Baependi,MG
Barbacena,MG
Barroso,MG
Barão de Monte Alto,MG
Belmiro Braga,MG
Bias Fortes,MG
Bicas,MG
Bocaina de Minas,MG
Bom Jardim de Minas,MG
Brazópolis,MG
Cachoeira de Minas,MG
Caiana,MG
Cajuri,MG
Cambuquira,MG
Campanha,MG
Canaã,MG
Caparaó,MG
Caputira,MG
Carangola,MG
Caratinga,MG
Careaçu,MG
Carmo da Cachoeira,MG
Carmo de Minas,MG
Carrancas,MG
Carvalhos,MG
Cataguases,MG
Caxambu,MG
Chalé,MG
Chiador,MG
Chácara,MG
Coimbra,MG
Conceição das Pedras,MG
Conceição de Ipanema,MG
Conceição do Rio Verde,MG
Conceição dos Ouros,MG
Coronel Pacheco,MG
Cristina,MG
Cruzília,MG
Delfim Moreira,MG
Descoberto,MG
Desterro do Melo,MG
Divino,MG
Divinésia,MG
Dom Viçoso,MG
Dona Euzébia,MG
Dores do Turvo,MG
Durandé,MG
Ervália,MG
Espera Feliz,MG
Estrela Dalva,MG
Eugenópolis,MG
Ewbank da Câmara,MG
Faria Lemos,MG
Fervedouro,MG
Goianá,MG
Gonçalves,MG
Guaraciaba,MG
Guarani,MG
Guarará,MG
Guidoval,MG
Guiricema,MG
Heliodora,MG
Ibertioga,MG
Ingaí,MG
Ipanema,MG
Itajubá,MG
Itamarati de Minas,MG
Itamonte,MG
Itanhandu,MG
Itutinga,MG
Jequeri,MG
Jesuânia,MG
Juiz de Fora,MG
Lajinha,MG
Lambari,MG
Laranjal,MG
Leopoldina,MG
Liberdade,MG
Lima Duarte,MG
Luisburgo,MG
Luminárias,MG
Madre de Deus de Minas,MG
Manhuaçu,MG
Manhumirim,MG
Mar de Espanha,MG
Maria da Fé,MG
Maripá de Minas,MG
Marmelópolis,MG
Martins Soares,MG
Matias Barbosa,MG
Matipó,MG
Mercês,MG
Minduri,MG
Miradouro,MG
Miraí,MG
Monsenhor Paulo,MG
Muriaé,MG
Mutum,MG
Natércia,MG
Olaria,MG
Oliveira Fortes,MG
Olímpio Noronha,MG
Oratórios,MG
Orizânia,MG
Paiva,MG
Palma,MG
Paraisópolis,MG
Passa Quatro,MG
Passa Vinte,MG
Patrocínio do Muriaé,MG
Paula Cândido,MG
Pedra Bonita,MG
Pedra Dourada,MG
Pedra do Anta,MG
Pedralva,MG
Pedro Teixeira,MG
Pequeri,MG
Piau,MG
Piedade de Ponte Nova,MG
Piedade do Rio Grande,MG
Piranguinho,MG
Piranguçu,MG
Pirapetinga,MG
Piraúba,MG
Ponte Nova,MG
Porto Firme,MG
Pouso Alto,MG
Prados,MG
Presidente Bernardes,MG
Raul Soares,MG
Recreio,MG
Reduto,MG
Rio Casca,MG
Rio Novo,MG
Rio Pomba,MG
Rio Preto,MG
Rochedo de Minas,MG
Rodeiro,MG
Rosário da Limeira,MG
Santa Bárbara do Leste,MG
Santa Bárbara do Monte Verde,MG
Santa Bárbara do Tugúrio,MG
Santa Cruz do Escalvado,MG
Santa Margarida,MG
Santa Rita de Ibitipoca,MG
Santa Rita de Jacutinga,MG
Santa Rita de Minas,MG
Santa Rita do Sapucaí,MG
Santana de Cataguases,MG
Santana do Deserto,MG
Santana do Garambéu,MG
Santana do Manhuaçu,MG
Santo Antônio do Aventureiro,MG
Santo Antônio do Grama,MG
Santos Dumont,MG
Sapucaí-Mirim,MG
Senador Cortes,MG
Senador Firmino,MG
Senhora dos Remédios,MG
Sericita,MG
Seritinga,MG
Serranos,MG
Silveirânia,MG
Silvianópolis,MG
Simonésia,MG
Simão Pereira,MG
Soledade de Minas,MG
São Bento Abade,MG
São Francisco do Glória,MG
São Geraldo,MG
São Gonçalo do Sapucaí,MG
São José do Alegre,MG
São José do Mantimento,MG
São João Nepomuceno,MG
São João del Rei,MG
São João do Manhuaçu,MG
São Lourenço,MG
São Miguel do Anta,MG
São Pedro dos Ferros,MG
São Sebastião da Bela Vista,MG
São Sebastião da Vargem Alegre,MG
São Sebastião do Rio Verde,MG
São Tomé das Letras,MG
São Vicente de Minas,MG
Tabuleiro,MG
Teixeiras,MG
Tocantins,MG
Tombos,MG
Três Corações,MG
Ubá,MG
Urucânia,MG
Vermelho Novo,MG
Vieiras,MG
Virgínia,MG
Visconde do Rio Branco,MG
Viçosa,MG
Volta Grande,MG
Wenceslau Braz,MG
Angra dos Reis,RJ
Aperibé,RJ
Araruama,RJ
Areal,RJ
Armação dos Búzios,RJ
Arraial do Cabo,RJ
Barra Mansa,RJ
Barra do Piraí,RJ
Belford Roxo,RJ
Bom Jardim,RJ
Bom Jesus do Itabapoana,RJ
Cabo Frio,RJ
Cachoeiras de Macacu,RJ
Cambuci,RJ
Campos dos Goytacazes,RJ
Cantagalo,RJ
Carapebus,RJ
Cardoso Moreira,RJ
Carmo,RJ
Casimiro de Abreu,RJ
Comendador Levy Gasparian,RJ
Conceição de Macabu,RJ
Cordeiro,RJ
Duas Barras,RJ
Duque de Caxias,RJ
Engenheiro Paulo de Frontin,RJ
Guapimirim,RJ
Iguaba Grande,RJ
Itaboraí,RJ
Itaguaí,RJ
Italva,RJ
Itaocara,RJ
Itaperuna,RJ
Itatiaia,RJ
Japeri,RJ
Laje do Muriaé,RJ
Macaé,RJ
Macuco,RJ
Magé,RJ
Mangaratiba,RJ
Maricá,RJ
Mendes,RJ
Mesquita,RJ
Miguel Pereira,RJ
Miracema,RJ
Natividade,RJ
Nilópolis,RJ
Niterói,RJ
Nova Friburgo,RJ
Nova Iguaçu,RJ
Paracambi,RJ
Paraty,RJ
Paraíba do Sul,RJ
Paty do Alferes,RJ
Petrópolis,RJ
Pinheiral,RJ
Piraí,RJ
Porciúncula,RJ
Porto Real,RJ
Quatis,RJ
Queimados,RJ
Quissamã,RJ
Resende,RJ
Rio Bonito,RJ
Rio Claro,RJ
Rio das Flores,RJ
Rio das Ostras,RJ
Rio de Janeiro,RJ
Santa Maria Madalena,RJ
Santo Antônio de Pádua,RJ
Sapucaia,RJ
Saquarema,RJ
Seropédica,RJ
Silva Jardim,RJ
Sumidouro,RJ
São Fidélis,RJ
São Francisco de Itabapoana,RJ
São Gonçalo,RJ
São José de Ubá,RJ
São José do Vale do Rio Preto,RJ
São João da Barra,RJ
São João de Meriti,RJ
São Pedro da Aldeia,RJ
São Sebastião do Alto,RJ
Tanguá,RJ
Teresópolis,RJ
Trajano de Moraes,RJ
Três Rios,RJ
Valença,RJ
Varre-Sai,RJ
Vassouras,RJ
Volta Redonda,RJ
Aparecida,SP
Arapeí,SP
Areias,SP
Bananal,SP
Cachoeira Paulista,SP
Campos do Jordão,SP
Canas,SP
Caraguatatuba,SP
Caçapava,SP
Cruzeiro,SP
Cunha,SP
Guaratinguetá,SP
Ilhabela,SP
Jacareí,SP
Jambeiro,SP
Lagoinha,SP
Lavrinhas,SP
Lorena,SP
Monteiro Lobato,SP
Natividade da Serra,SP
Paraibuna,SP
Pindamonhangaba,SP
Piquete,SP
Potim,SP
Queluz,SP
Redenção da Serra,SP
Roseira,SP
Salesópolis,SP
Santa Branca,SP
Santo Antônio do Pinhal,SP
Silveiras,SP
São Bento do Sapucaí,SP
São José do Barreiro,SP
São José dos Campos,SP
São Luiz do Paraitinga,SP
São Sebastião,SP
Taubaté,SP
Tremembé,SP
Ubatuba,SP
